Item,Category,Done,Notes
All environment variables set in production,Security,Yes,""
Secrets removed from codebase and git history,Security,Yes,""
HTTPS enabled and SSL certificate valid,Security,Yes,""
Rate limiting enabled on API endpoints,Security,No,"Use Upstash Redis for rate limiting middleware"
CORS policy configured correctly,Security,Yes,""
Authentication tokens have appropriate expiry,Security,Yes,""
SQL injection protections in place (parameterized queries),Security,Yes,""
Lighthouse performance score above 85,Performance,No,"Current score: 72. Main issue is unused JavaScript."
Images compressed and served in WebP format,Performance,Yes,""
Code splitting enabled for large bundles,Performance,Yes,""
CDN configured for static assets,Performance,No,"Set up Cloudflare or Vercel Edge Network"
Database queries optimized (no N+1 problems),Performance,Yes,"Added select() to avoid over-fetching in Prisma"
Caching strategy defined for repeated requests,Performance,No,""
Meta title and description set on all pages,SEO,Yes,""
Open Graph tags configured for social sharing,SEO,Yes,""
robots.txt file present and correct,SEO,Yes,""
sitemap.xml generated and submitted,SEO,No,"Use next-sitemap package"
Canonical URLs configured,SEO,Yes,""
Structured data (JSON-LD) added to key pages,SEO,No,""
Google Analytics or Plausible connected,Analytics,Yes,"Using Plausible for privacy-friendly analytics"
Error tracking set up (Sentry),Analytics,No,"Free tier sufficient for MVP stage"
Core user flows tested end-to-end,Functionality,Yes,"Registration, login, dashboard, billing"
404 and 500 error pages styled,Functionality,Yes,""
Form validation working on all inputs,Functionality,Yes,""
Mobile responsiveness verified on real device,Functionality,Yes,"Tested on iPhone 14 and Pixel 7"
